role_id,pay
ac287d3c659c0b8eb0d98b5e,51.392562639641696
a13bcd11a69580a30976b97a,11.235516229103697
476afe1ba02b3197e7287927,15.977412569544628
9b5f25c8695e455351df2c39,43.532232061415435
2ec9425e2b0c1eaa78819718,2.9610934046408834
b95a78dd7d5efb1ba4b207ff,22.147126206229935
fd133018e88a8cbf09c52784,77.72329816756262
88e512de3f8deec72f82e131,113.96203758106522
6a872d5a47bd42da54de8488,11.320445768026495
e9a2bd31a64630326d1e3e25,42.726100030044485
acaac7b69fb3b4f8c27b3079,25.511034186481638
13fb91ff52858d0f5642bc71,20.016440650062286
6d7c5389d4eec4b13c83d709,36.76241169270993
257f08bb5d59e90590dd96a9,24.699760292102585
86c4bc636f466a77c942a18a,30.039320329877505
f1e7b2e5fef72472978855c8,59.45086566899066
99a814f6ab2fd0217d076703,8.498732817041102
9151ad4a49bdbf93350e5d01,12.360651311155115
7e83c4faf4469ff7ab1e46af,9.174161377762848
25c56b61df001ff0c371a1a8,4.057502443508843
dcc03cdfcdbaf4aa01b72782,23.10831970278632
a5d6b0d12df0793ecc87cdfc,50.44598212916026
47179ecf5d0cc3f8e5f86b50,63.9845321078138
75c7ae161633cd3af3133961,3.3412154022767435
bf59436d99283479568bc003,118.92214525321265
213984d6edbe2ce5d4d44847,16.908572749016827
1d9a6de259e1a5af0d866279,3.2877734356259483
b0d1cb5c9bed13ea5e999d48,25.91768623606476
e538abf8f965f4a283757b12,1.89722928563908
23758996cbdf9f5619da7dbb,71.12063895577526
00f1c2a8b3a9970ba1f36c99,20.375350667909068
2cad210de028088c6968894c,4.631352420139517
52fcf13b4d56609219ea78c9,7.173219868417902
87f08d2126165104a31fd0b0,12.920112167551968
7c058599381bf815e765edf6,11.736213277029243
f5eaa713d6ce7b58671c62d8,100.84593142978476
67173206438b890347126e26,104.01625188892092
8544faf0a9fb0ea397bfc894,59.45086566899066
125296b748a09d7f4ef86924,8.647507436169704
c316b3bfd1cc2e7f84bda718,19.22230829272661
f453173de7da0e805c788496,31.031532236641624
b893985b679f38b2fc81fef2,42.21827961186483
ce56a80ca5133e5ce3597161,42.85665134443493
1e4836b2c2c3cf7d9a547973,7.720270048016927
bd6ba9504e474bacb1a81fe0,52.19522841914252
9828545b6ffa833638510beb,58.703070194765395
819a1ec86222d461668b7347,10.419797762667407
790fa6757e5f3bafecd57de8,4.353154512190955
55ac8a9cdec6e1c7df0c7c9e,88.9335464415363
59b203546d80990033da4d8b,59.35725176656791
5a1514cb70d3a6796741ad63,7.081618414199119
e1612d87a913ece688d93d54,10.820795637634287
7378d3437dc1ea190beebd59,30.218679127295253
b5121478aef0f1bea61c1f25,22.23898415907289
f5de43ad146a73c949f8a488,10.931708126818725
4915f0b8edc0402142244fa9,4.730736622571985
817839aa6c91bcec438f8638,112.5945394927817
faac5520c85d45649909e97b,26.40172714917792
b9f81bb7403b4579e17cf6b3,59.45086566899066
e9860808a090bc0134b46c3a,6.536521070935175
73087bdbdaed5f63610d3bd4,29.226592330474126
511b8d2b37fc06edc65702ef,6.480484743208875
617e5fea6dd917018a1220aa,28.062115200506238
df375f54e3913127c3662b5c,32.81086759436014
738c59b2c8feb2c17d7c649e,3.945137833942916
2cef142a894dfd7e9fc86c55,7.521272715982369
d85c995a4fe0cbe63915bf0a,59.45086566899066
260808535de75e2a17245413,3.1466436050659534
315e06b694c356e0a7b93dee,65.71702886821744
4c971e1224ce1fabc097fda7,10.474894125953137
28b4fc443026ee362fe3a164,7.280159267813677
4cf800936cfc9e40a9e0b555,77.62484761561223
5491a913407987e1fc6e67d2,59.45086566899066
e48a6b31b535ecba453f9966,10.932414492113706
5d02da441a6ce6a552f88e39,54.66641651004042
36df795c37be9083addca701,51.22866885205218
08567e5c13f48da57a042f78,3.6556976274229718
5ce0262cdb64da8741ba3e79,8.71203963673367
98b7b9b8e186c725adb1b1c9,16.379225653720567
4cbc4b765d3d38bc1603addb,59.45086566899066
8225a241ae5a23f9d164f3ff,19.876108713076338
6c112adb501b9bd4abbc27fb,95.4183774225337
2a93e20597bfbcf6f98717f7,4.3998376059107045
f52b3110a4179bd38b9ef6b5,53.06208211887282
d701c71732a467e307615ccd,8.44148641714387
f05d5d8385179a6327e191e3,11.044175142567381
a7b6ce9fb0eb3ea0705812f7,4.238726648397053
5e34d1d8a89d4634e1d76d9e,17.200954071585425
bdd53b2115b4a2edefb64fec,17.97035064737181
80106792bc07cadafca6af27,24.707864265595443
210054a5f7434faf86030a87,14.23800740285937
0a6bf54a596a218f78570e8f,47.890296537330414
e0bc0e818dc0aa947b03c7c1,13.88437583203182
a77927e83754207f17649a42,11.411572059422438
97e271c8ec37c09ad54536eb,25.656271816124523
55f84799d373ff0ecbbe207f,29.2176375512737
e5e987c576b779f9f80c46a1,9.1507888361794
a3b5708e39f64ce85034d040,3.538243867329469
6ffb25e3b2559823d63cf57e,47.883670342838116
f91a3d556e754e54330d395e,21.17459631869454
62a741f760306b16df368b84,14.729679336753353
114a6c0b0cfc7f5178acfcb2,4.726469932469535
95c03aae6efa150742168a50,2.77716284255953
f80e1b27a59e21655b9b7e83,28.644624841468584
d4846684e62dfe17d3a31de4,50.93809228544713
ac4ff6d4f05848ae032d9346,118.92214525321265
91bd1d0212b3ce44f4d6d526,19.550355693568278
7882164171ad39c1fe12b0d9,59.45086566899066
975f6aaec118f7781f6d0119,6.5438531581028
b5bf088f374b8f30d22bbff8,3.981201375713062
0c01e8ce02ab4880971873e6,5.781429344742462
b1803901eace1408314a82a9,6.29345927155441
fdbff854285af66751ef878f,15.222465742091755
8fa04be606abb6fe30f4aab5,12.722367405834762
fe8141ce150b0dec0ab4b231,107.01139109890505
a9d47cdac91781498da43ebb,45.16313616032194
fb5f49d05d24548ab08763e2,59.45086566899066
a4dea2b8319dbccb5e3450b4,59.45086566899066
90a7810050d84b7a219d68fa,98.47947063036955
8fd4104b8652f2d167a126f7,10.2551638146817
3ed99ccb2c3065f6d0eb1e2b,3.9577614316981986
3f672be0a02991abf6bf0935,5.683835578449272
cd43657932e0321e5766eea5,18.659164367980278
291e28370a8b817de200e4af,17.329568072954295
dc8f7edc3bafa967da80a996,13.112064963154495
233e0e71d30649060341a67c,65.30885596254815
bb5518149d7618aea24910de,4.456700311131553
ffe0175cdf066ff113bba6fd,13.122603526127495
ef4459e98753ab9c8274af67,13.361958459034524
2a9643b6fe79ce67c813235e,7.276957745771491
51444c118ed5a1f808315637,7.902893916955479
92c4b949193c653056eacb04,3.587354273741066
d2fc685f7480b85d2456403e,58.703070194765395
1a0e8382ff403063c4bdd3a0,6.403199907302498
467576630245ee4f1471134c,29.92374666077982
30ea2cef61348b685bd104bc,15.434168843335868
547710738f07da5772b0f3cb,7.057518869152612
962f679eef46a7f42c072ac4,9.077766240026024
1542cd9448a6fadda0ab5878,59.45086566899066
de588dbd0374fad8c179c2dd,58.531282711557566
32b2179f219d2fc51f107865,58.78465584518132
ce87172817c8d09c42cdacad,7.518091032448823
c9ffc1005eca5709a3933a5f,8.13890332365041
78676537cdfba1d84c58e7d7,3.881396453015837
6ee36f99f3614ca1d68c0fe2,59.45086566899066
9b70246dbfbade4bfda3355e,22.834746795098017
ff9a76d721f47f60bc1d1fa0,58.703070194765395
8dad8e477296aca34f68e451,10.051590726016432
3ac8a6eedfcb87a4d26b1856,12.88503220717613
05e697b5a5795ee3e3c8f2c7,4.608372744437101
e655285cdc391d94084e2613,13.338231649626263
0e5b1944be7774923a3c70fc,3.4238350490171077
450ccd7a425fdc14761a40e9,59.45086566899066
3f3ba719abcc2b48a5967ea1,107.71885439084656
b570a34fba84036dbcfd60c1,3.4749178335883526
fdc959444369854229110638,5.096903901082629
5fb005494c0ef5ffe94f16e5,17.124823592550484
2d6fcb3d5536e30bc35d946b,3.703314805300344
5ccb412d2698203f8f04f6e6,3.877031485947658
f2ce4f5d1907de39b44766dc,4.297938968414205
b46d07efd69dbd5840a621d3,3.546345719230203
70d23c02a4905303ff4c1ada,7.830627265963505
f37f92251c3f3db0ac1aa5f8,63.75682275971429
3b485a294ff6a718bc6f01f8,6.5811555763423435
94c1d0d18121d6ba721eb094,10.41949897818845
0d9762133e9dcfe553d8d89d,4.353154512190955
5d3bc1ddd7fc6c03434fd727,3.60608249554739
f16734de220fc17d4d325dd2,10.058777935977318
dba99e25b6340f1aa5cc2e36,17.091937036027865
cd60cecd1dcf20af74b58d53,30.38666784894682
886e73495b92c5133a96078f,8.395001289416786
920f07541e64dbcffbcff501,59.45086566899066
b98937041d099f4ede69c24a,86.20855213224017
2bed7b3902712248acfe705d,59.45086566899066
c72d890ade522432e3de1aa9,7.353072291733759
85b7783ac96f666d5b4164d4,3.494421469963351
41829cb7b250a2be9648cb86,59.10387863294416
e60e5f7c45b2249ac1b32c13,3.979792564158491
e35a7ae0383c9281d3a349e2,8.43238255724661
ea687ef876ad08e0375c8975,20.602705768660325
abde59dac8bf036ad1a9f84c,7.852596640079439
dbc70f769d10adbc2b5e7817,13.941754023513358
9b5e3b5de7f6b84203df6981,3.7123752572904216
ebc8b15e112ffd0ae683c7eb,59.45086566899066
f5454380100ae246050136e8,51.28863587472615
04f9725f482c7b1ad0fac422,22.88342576244316
4f5d5652b6d2159e574eeacc,73.69416908517208
dd3e06094d71fa8852b2eadb,4.48565450204634
1dacb64aecc67d7c6f98e933,3.3025866888949222
7d10f130cda24a3f6a758e75,59.45086566899066
64c1f65711e9cca5e89057df,7.57921383431568
9fc6c10dd7a8ca82f63b51d6,8.93753990805228
ae7c42ceee12b601536aa622,5.467946649565181
7421f00ac67e489852318647,4.744480334261338
49de6098449ec91092659c4f,14.293911008050513
539920f701b2c337b6351f76,19.79423000217204
c5bc01800ae6c3153db5f0ee,10.546862144447683
ffa5a4274ce512cfe46c6181,21.71048279466995
045b720ba01d5cc19913c9bf,25.059590674815013
1864e261527e8dda20f910ef,4.297938968414205
9a557b67c7c8f468aaaa215a,58.703070194765395
2202ad899ed3b231bc03dab0,59.45086566899066
f3922aab01b991fad05cc1b1,52.4124865616573
0e66b2338af20fc8f0dc6205,59.45086566899066
1e500aec94c3a11f1ac1b158,59.45086566899066
8b0111adec0e8bcf718c9252,10.371235489694412
7dead9fe37afc94b9456bb7c,5.943859525295417
9f49d4cf6c5db5b76ddbb8f3,42.87890626343577
cf2e0d1f7591eaf6aae70fda,22.809707901215077
12f82af751113d9aaa15e91c,6.864755373885925
736f0997e3d4111f5009af96,3.56122661765529
5abf0e6b7d7a2c1884f14c59,8.546928045700552
982e249d0fe94381b8619729,2.5987641639863455
13cebf6d485fc60cb7020c30,19.85249655893189
326238f401dd93a565f067dd,24.266249982409306
0fa10bcaca07b795e8996214,3.640905169905265
7d36c8597816e55283a2272e,59.45086566899066
1203fc7a324a8bd36bc5e65b,19.8722330456358
5531a147d709b583f394d02d,58.78465584518132
10ce0ba5148df44ee5e0b380,5.568064358205756
21ad204103b6653c17887276,24.17998418667806
e7f121249608dfd68cc50465,6.661041175552439
795305dbd55ca714ea622ec2,59.45086566899066
857c0c1342850ad32e69c9ff,59.45086566899066
4474a46c1a9ac33877da339f,3.551816166787646
bc55111a46e9a67455937621,11.030337498184908
a0b95a340c41e9589b8d7477,4.666514831697538
592f7556698d9996898db762,59.45086566899066
fd008876e5fd13ee483e3bcf,10.618750524518342
1a0e46737fad55968a6ce7f2,58.703070194765395
dec5c87f48bbe751fbd8c281,3.8218234509830538
59ba9516b6baeac61296a6fb,59.45086566899066
5765a0705878f289fd94ba89,59.45086566899066
a8b80b4fe58576147ea6aae6,4.353154512190955
e49f0f37d06b17e397138b2d,3.735721410607202
55d39c74354dc4b9a863bbce,58.703070194765395
4bdb3c82cd41843d4efab4af,9.076843866678152
8b797dc1bdeb3de054e5eafa,5.295103888141466
88bda014fcb5c44f13d97594,59.45086566899066
8c59b23c20d552c75ea6e272,17.981280875331326
27be7189ec166efb81dc38b1,4.403259276494775
e55dd51e27e7d018f25c4af8,3.821645423515569
e60164dbb0482201b7fe3d63,25.14461904053101
f062733629354543adb75e6b,10.81131706043483
ccd90ab6fef71794aed5ab98,3.2672106772687175
7b252894c5ef637bd13727c5,2.3068819409584855
21ccf706f993aba49bfd6857,59.45086566899066
c2f8adc03c7fce033c3c24c6,24.869282734966017
bee9781ff742978c9f291833,133.45726419236044
aab0c2b97ac4dc37eb3df7aa,4.81238095826942
1d413e85d3c9d0dc90ad4a8c,58.78465584518132
cc4ccfd06886d425107cea06,59.45086566899066
67a9dc09410878abf58b2e26,14.309970871387167
6ce6d1bb593da5e7a4e75e74,9.35674117985886
c3f7e31841bca3a90db9ef30,58.703070194765395
23bf58ccf47a46b2b05f1fd5,7.346417509826194
1eae11a55906975a87cca1d6,5.759664633259756
0b35909052e86b571cc3b36f,58.78465584518132
5ad11409430a266ee3cfa8aa,5.727737229913835
7e77f6d86ea115cc368ada1b,58.78465584518132
df74fe3390778879580a7a11,8.342173611878415
d3a1404093144ee2d32f645c,14.850794652888462
7e6cf286590bab8afde029a7,59.45086566899066
87a29fa1612792de3505c7f6,6.888021815786528
64613719d2757485e8ce7d54,5.915118427081869
55bba7d8bf73edfc63a91b32,33.22975870299945
ac6f4d5147fa82f828ef691d,11.083972711010754
6c99d04d18b680f791c136f1,114.74283818591651
222718d49fe5854544a9c084,59.45086566899066
836b796d5e9b0b3c2bd8010e,36.508229256726295
9c3f21503f848cad98c06cd2,11.44342270924783
eb1bce156b99a2b12887fd54,8.023988798420476
3e50b98f82c0ea8bf0647dea,16.95674981551368
6b66e6e9cea1e4e4c05b2d0a,83.0055168084149
73ee206397355f5f2240751e,3.4611668269263345
c5e1a4794b4701527a25d265,59.45086566899066
bad0cf6b7b108dbf49c37e82,5.883499886596899
68a4ed3388c9c1e64911d375,7.483481190066298
01b6f13cd1cc556aa46292d5,25.503004484010336
24ebd2caf883085abe966744,19.422911834898912
50036ea88f635ff8fd9dceba,49.05012825914956
268ec7ededa344239a9c2a1d,10.415243367928145
72b4c3ab458b722caf63e51b,40.27512288335122
c5df6f0cba8dfaffeec700a6,11.569453983746563
47783a91b1f412d1a9d46f24,5.725900517488195
a6c21ef6f1237d094ae57358,3.959392749854603
00bd9035c3d6795144e6aeba,25.07075524042565
7aadbd3d0f883cf141735ef5,3.446277773186571
9307a92add395a1ca20a0397,11.178659857957841
4978b3c414c754de6512dfb9,12.556620780742628
0e1ffe36c29fb77f61f6817b,59.45086566899066
d0af8e74ac81527d00f208a3,59.45086566899066
c7960b6c8ba5e415786ec17d,13.793726243702173
90e5e1ba35758fc633644c7d,12.417989740030583
83443d9ba9e688b630eed5a3,2.9506829229198197
e7cc1448110f24899fef1096,58.703070194765395
eff9693b0eef347b7fba0031,4.493293358373536
d56671f649728fe016430cb7,8.600187908366388
7b623298d3add1613d122e4d,13.855884385105956
4a332546f9c6c29b87d0e635,22.478038457246893
2895a1975bfc641b1799e47d,58.703070194765395
e2267fa43504fb0f463ca879,26.089440406578515
fc6c3670bd7049cfe3d94986,30.08177421269983
a5b59f916258a9d8df4415d9,59.45086566899066
d2e17f78ed6ae1f5dc1f115d,13.404319291950259
61c1aa8cd0cf11052c5a0389,8.054832852986223
03269a4889f3afdb3aca14fa,50.681495390013666
87cc6b9e952b1a63968a2a3e,4.701836233853003
6dcf1bc7e738beebd0d6e2c2,11.995812872335376
243ab1a14538c87377214c97,59.45086566899066
5fc842c1bf47842dbfd3bb30,23.571536232553395
ebec9725e3a71e0c8b699714,58.703070194765395
170c82171517f83852df4e7c,59.45086566899066
544c4402c485453140f04bb8,17.12069667395691
5b7f93e41d8177594f793b5f,10.581069161806013
0bd233cb6c7ad55eed8957dd,58.78465584518132
375bc40d3db39b91d729ed46,11.540731154893301
4695a2024393371aba335909,58.703070194765395
e20f05fe2c09e2e9bcdef8d7,11.293917915305585
49861d34ae922beb889347fb,3.6088216330369116
e22845357671b4c7f0bc6b00,12.481363102594106
a77924056ac0e35b001cc978,4.485429299945756
2aff6fcebf497ecaa454a25b,3.4884236650128893
904bdd8d837df28f45301a7f,59.10387863294416
5832e0ccd71955577ea03bad,4.423610543015816
d452768ce84124dc06af9a1b,9.407122351173069
ea3b9d117c68b6105ac90b9f,88.99026717994853
0ff912b1ab6ad0587aca6b7a,6.01213826176895
47d333a62d13ac7906e45c61,11.174476530511368
29128738084f51712d32304f,52.3397280645351
5cf4ab5b8fb3a6a2c855392f,110.45699512988112
5e2f01f7b06a2cae20a213e3,7.7925005912044325
8790ef35d1344d759f059450,24.502639007579962
3ee15c40a4851a00187612b4,5.772335808235796
eb2c5edd21d3048cc4bccfc1,10.737405236020866
a1bcc5fcf98bddb84aafc140,5.281806722167904
642ca1ad7868b2c5cb43aecc,6.277473816655874
59ed2b83e1faf66132c05563,17.128886707527375
901acb9c69666c12f694f38c,4.377592246922483
a1e81cef33a71199095d3467,59.45086566899066
1d38e488971f8d242de93f56,59.45086566899066
36ee2964f9490acff6393149,58.78465584518132
6e14238586f3aeb9d3a1cd25,4.0032387234748645
25da3eac95e8e4cb86293899,10.10035761749629
dd70020b6f9278d0844bbceb,15.530800232069724
445bf578c11543dfded46d3c,6.547768558742671
aab192979c9f9d03b2cf1fb0,30.29072028048304
16c2541dec8d505b66f94040,5.853078820908771
4ce393d99bf92db5bbf5b926,4.353154512190955
547b5706db9b10172477384f,10.261661452986283
7071e8f1af1c790c88c5cb01,10.736838317478115
2fe01ec4c387885ffd66ec0a,6.202275579761025
3568074623a3e2066470c0ba,8.148500607492469
4dadd9151dced2aade91b671,3.806644705671074
084054f209c06059ae139cfa,4.260309861252329
d948917f7d9492664e46b52b,47.89377677299031
11ab58a1576f7d0681206a26,26.577053641332103
cf6651540b987604fabdbf7f,6.197207730265749
84755de3721280c78ed8745c,91.31637225297635
2e057f8574f0eb7702fff6c4,7.759217729618729
15e360032848cbd0aa15fb9f,9.258441013081445
59bd9627463fb478d3e658df,18.4606746521355
188a0f8fd404d0d6445cc612,16.48730802308158
9f377b626a0f5bae366181f5,4.347797314082741
a9b99b2e403f69b773d37d59,3.6599407064606266
73f68f911680a74700e75a43,14.962103987412661
6e41dc95d7043d948645c5ce,5.435004006815041
587fce445b946077013c10cd,107.16883323860775
3a262f027710e9ae5b928cf3,4.353154512190955
3346cbb3fe06a2daa65a8b1f,5.977181337662112
c9329741bda0606b53de0172,16.794190292003872
2603c928b8cc4ec463c5bb29,10.389736470099214
bb6b6d2f0e616f1ca74ebc03,4.409199990640249
3faff900541ced866007f09d,4.396729466165897
bedb065730cd4edcd846af11,11.354352196870098
7fc8bfcf7c305480e8d1416d,5.877188486575527
f9adc2a3f02cd8287fa46069,10.180217047421719
f8d2238290b2250bf23edddf,12.255737603830166
3cb847de69a6e08dcab20702,12.56981954316481
cc5ce688baaf2fe50bc39fe3,10.165105715473466
50a711eece45ef7b14556f71,7.885515964558707
c28c6746e3c9b996990d49d5,9.948364149638227
917dc8de4bb265fbf83da478,18.57980469274725
d4d4fd7e38a3582e0debefb9,31.023673293085448
7a2f2134b62deaaa9b825a1d,4.297938968414205
7e710a29d8435c0dd8a23a1d,5.601672705477934
32e2bb901befb9374463cf7a,4.524859274139084
245fbe359321517673f21426,3.592167584843824
117473ae7215da0578329174,4.276928335901051
fa8a07f2807025960116f303,14.534003425008377
033712c6c4e3bc40f2654b35,15.833550864185574
040ef60ccf127b64c9d1fc39,11.771945342945129
0647a6629994bdcea0ec115a,51.50300652802331
3dfb5216343f04fe171bb1a5,12.856952789852762
e6d406e5a8987815972d7dd6,3.276737892782328
81e9fa096fd07d5f631306c5,2.456187471378103
1a7b925f2beec07f73324cb8,9.074237520231254
f46d4faf358cc16a33cba78b,3.5949111402728215
b4d87ec00c33d21ee87794c6,3.5931416584351434
2b038e60f3b18c6983f9b42a,20.878540857657587
00a3fb606295233f7d84eab5,4.353154512190955
10f48107bebc08b845bd4552,5.025694056831786
cd1ecf1a863aebd2696f45ea,3.2935597170745745
e549e53fa75261521984dcc9,5.290521414275555
12b77f7fdb2bd4892937019d,5.853874089026727
d955e01479a68da46ac34d7b,4.101087324671904
6194d09bd76f890f6015d5c1,4.297938968414205
09a734aa5a0a4cd5c43b6584,3.6430053873357866
1487d46634071e2fbaef36e9,4.571895678733081
c21189663be36d9692ae7317,4.297938968414205
776c33c5f863475615f463fc,4.297938968414205
4206c1325cf481b36af4c93b,3.6949683344895057
1f6503af7ea600516c2140c7,4.353154512190955
4ac44725c570d60ab94f9e3e,5.947342477701406
4d8547d624f8d2cc2259dcf3,3.5461573434964992
d35d0078819a97c97fe3f5aa,3.7625370610561006
d2aa8629a599696161ee2aea,10.18168907485421
fa436920f08b811a9819a4a9,3.72699491349983
5b067cf336e12f23ac6e3014,3.4488419281520857
c3d224c1ec1b9a59a4ccb88d,6.196308223918361
c6e38466c03004852757fecf,11.87129556868642
1f4ae72665794ad1e1dca85a,5.120097345877766
84433bbfc699e5652c63e613,4.297938968414205
ec0ee23942517319d9dc876b,4.353154512190955
468402ed8bc00f0d75c5f975,6.109059935698583
b27f3abc76e36933d6cb6b2f,4.353154512190955
ed9e7c328e566b59c7dd9a25,4.284727129214968
b17d90e877f7b0ef88fd3f0a,4.297938968414205
012014626fcff73c72d747af,4.238726648397053
6f5e3992278b4ccf562f9b30,5.940694221259711
c88f82c05b713d208527cf81,10.605535993356927
44e9f10e085cd435253ff2e4,3.824307595323891
7fee17acab2ac508f172dc73,4.353154512190955
52683b44e701e9912f1b73ea,5.044384957172127
7056c7526daafcc4bda2991a,58.45079728380713
aa5b0893ee27a00b5549b102,10.700245287271176
d3cd936a2db68041f257dc35,4.246503221939833
44e9e50fcb446163e551681f,4.218457242875488
a4add5392c2ef64c46f21720,4.297938968414205
2772af56b989eacda3fbbb23,4.353154512190955
8111bf2f871fd1920f2bc4a9,4.759134876240788
74da47562965e1afb1fca863,3.621696934202077
6714a456979638c29879a946,4.297938968414205
4d333d7e787503947174119e,4.353154512190955
319967c3a917fca8ec1bbccd,4.353154512190955
368a52ffd472bf7f1d61d191,25.64455504685591
6ec99e835c9204efddfbb1e4,3.8791384404608165
509995aa39f45ff79c878832,3.4811489384082592
3d497fa43f355072390dd2e9,6.156093097917258
5e2cb7e79f9325a175cdb1d3,4.238726648397053
073f103307614d38232fe51c,4.292048078701767
aa37d79dc6446260c107e66b,3.618715683125648
af2d67b0677b28199d477e65,3.4372503177073983
dd180b4703aafc3fa8e403c6,4.353154512190955
6e67a272e837ca6c7e1dfc90,4.353154512190955
5848b92fe040d955794c87e4,6.965024901809932
dd97aaaa8836c3f78de71b14,4.353154512190955
abf1a44e8db04ffc818aba3c,6.578158563156056
84bd5f3e9ca726bd307c5231,8.018883965496945
710dba9791467a97b0fae0f8,26.866173067404986
6d94248a3053b248c0df7587,34.92591467511857
1a0c7553bc17a5c426b7d48f,3.50760357772318
a22e0879c7fbce44932cee1f,4.236726825688054
e1a0a678433eaedf52023e41,28.89843064525556
122f76a27d132e5c6320b068,4.353154512190955
a6c8a89b7afe8ef92f0eddca,14.623787908439114
b1fa9f43ae26ffb44871a405,5.336501717323779
def12ec87e63bea02c11903d,3.822907082420316
01a3484bdee54b9e09050802,4.181655475145925
693df61e67687ee247b37e1f,44.26851725067698
4abf657f5424daeca9b43249,3.5697760922579427
b1e3b19f9eabd51ad410583b,4.276928335901051
31c2ba25315700deef896e01,19.162287709881117
9584a97774f472171387a9ef,4.297938968414205
2ef76219bc81a2e34d6fef7e,18.329112907107
a17b70b9d0f177dff22a21ca,6.552035894572515
2f40fb06ce53b1037ee2703b,45.08497408692917
6e8afd57efc373cfb197a921,4.334223911456567
3c7ce214d7cf7fe947a173ac,6.001333188522989
eac38dec7abddbd7cd57dc86,3.7585095266184583
ae013cee1f6822529db05e52,3.481871781298808
3c35e933a034d2e336e94444,3.6207517675663055
0cb31a0320d4248a40cfdd6c,3.979312107433024
903004dd1c45bdf7a080f49c,12.585988358312282
6d7cf1ae819fff2ba819f7fc,4.297938968414205
94b9b7a4807894cce5f9ad16,4.881203635442594
169035d5ba1042b397616743,3.017635392428794
c3358bada43a9f6f270dfaf2,4.379524618830129
0a2c4d0a126773462c73356e,4.353154512190955
06084fa595ffc66f405a78e2,4.564190630989276
b2cc46bdd9ab4c14c6da456e,7.000971272852326
1c144336ea81f777707fb1ce,4.353154512190955
2cb67dd70dc6488bcf24c7dc,3.658532922209433
457db8691b308c529f176e56,4.047040927017308
fef15ee3204bb5ee00b66782,3.8540807832088753
54d4091646cb18ae5c24e976,4.353154512190955
e0e9a0a0695734c12e400a75,24.136902693218353
50e6015a8f1cb7bba0f3be5c,3.804804713126704
6139f38bff5626611c8bfaf3,4.270701600266114
692d8295ca6af93848cb2374,4.297938968414205
23f89dc9c4a0984dd30ec9da,3.6930237241936874
f622c3b873b92bc420cd6941,4.270701600266114
a8fd5bd6efe7951ee5dbb5df,4.058346055160247
866c5eb4aff55d005cc3476f,3.2215069398833247
0d28fee3bca5d4eeb6e0a4ec,4.353154512190955
0a38535e84cd14c23cd75857,3.5797451237097606
227f050bcf4fad93cc7e5d74,3.7697715701346928
3947687d5804fc6354671c02,3.534492921870009
ca90d6e320e60ad4d996188c,19.149309501801483
96352ecf0b177a0fbb8f7f83,15.579825873409652
3bdeffe34aebafeab9e424e0,4.379076362773459
934c74b067885b4e034e5464,3.5534434388847207
afcfe7a87dc76053eabeb03d,11.722590850432251
03284707ff3993e7a29a659c,8.453603322479102
23670655d79b299e88021ea5,4.297938968414205
711b96b38d63e7a98a8ddbba,3.880558292470038
f4eb0bd251d6f8c55a7adb82,4.2789338822691665
e5afc66b7bbda9a85fba4b45,3.7457330869678747
5d5e22bf6237962f2fcf8a78,4.353154512190955
d096d807176145fba5c40486,3.7101146063372563
59edb57f259d1a63f617e7a2,3.64945746732065
12bc9ffc08e817dff8972fd3,6.046979678161352
d3da9addcdc279c0f39fc459,4.297938968414205
7986fe9cb611adc1dd185dc5,-1.088142751471064
d64d6f0a0098d968e0a891fb,0.23744745075394247
c45f562f3bb147bec322a632,3.0177929114880753
7cafc2ca4709b304a49022ce,3.5733471127261094
037d670f514f3d6775c3d774,4.0669530698264404
1d92ef80a022c97479b4eb86,5.564785933304379
92d78ecd1eeb5b10a4dd9fb9,4.353154512190955
66651400ad846c77315c9ebd,3.155058201328745
16d6b61af85436da3d3a0ff8,4.297938968414205
46d5f68e4c1f0c9dbd063684,4.297938968414205
d5394f586dfaa41d4008bc98,82.15326871296058
da6505be64a442a2161cf575,4.276928335901051
77eea4aa02efeaf3c8ed27a2,2.4623597555528525
875a471ec34914d1501b20ff,4.353154512190955
5a1264af293c27d1aa7d47a0,4.353154512190955
a2371d0095be5644310aac3b,2.6408087067232104
0e54f47860d7ccd165b3b01c,24.022158406876365
53ed04750dcbb29e4c185391,3.741801994970076
54e71cd32e8ce6bb3c5740c8,10.759137242375305
05d9b32e3257cf473d2d5c08,29.022311190218915
7400a18976d162fa9f20d4e6,4.282207947795092
5dfdc4b50077a7cfb60354ed,3.7413312413139095
daaf200e682767b2ca53b8cd,4.632289933544624
bfeecb2e0ab6a7a3395aa44c,3.8979749435519464
656237fddd049c8a95657306,3.6883965223804935
7045abc7cdc5aee9afc86ae0,4.353154512190955
cb96226f42f55cc267312477,19.198228342353737
d68a7ca6d35de8f3614efd9e,11.68684617461927
ef63d5d2f0dc0bcb857f98a2,4.289520044302415
ca86382a54e0b3419daee667,11.319051870132542
1ee8849f3d53b50d40dac2a4,4.170275232530005
5e25ef1d363f92fe4de15c05,3.7161939841072575
315a3b03eab01048ef737000,4.651271163209025
d0a60fb1923c56e7ae2bb52f,4.373408999396713
c473f015faa6a6fdf43030d7,3.5849684748008372
15fc2d766c04f5c42d79fcd8,4.353154512190955
b38e7baac36f8305b621b92f,5.7340702400745425
fa4787215a6aeeb8f3aa31d8,3.872188208608819
754de6c4becf148490e336ad,6.782515915415477
9de9029d3bb82e974b7c355a,3.861822229691335
154020c2749985c8186c0282,5.833276430388527
918134c593f49a31d815408e,4.438217338320215
03aea151a4fcb3b8ea4828c7,3.855344823839668
17558d16df266384e6d2fb71,20.114959083604212
6e2c643f04acc33986957048,5.074682406179216
02472d27904f4fa6604f50b8,3.797213537000416
53875f9879529cb03651b52f,4.297938968414205
3dded5b5454dabb5a9510c9f,3.6939780069992705
39c33e4f1635d7a1f1b16bfd,4.138694103430537
1a24ea234cc8b5b78374473d,3.969928144682104
682a7b32b5a57faa18888252,3.660012965786838
9f41f9a203580deb178c6446,17.48193203443541
d93683deeed2ea8b171908ca,14.92570308601364
63feeed701345c15b0637996,6.699418234674298
683667eef45d3d257ee85d2e,15.290645740685953
c793e8ffdd98bbff3fd3e846,4.276928335901051
598211bb035c9841bb908624,7.7780944746315575
edb121767f1f3d9f3f9e1371,3.6155322272444974
547fe459ade61d22f8e62450,7.164919417611745
38b8d519df3474f0c0bf476a,4.234803992007295
1c514e8f48ebdf375b9dfad5,3.496620862549691
b042eb425e032b81049c3c32,7.051540442189457
161bf6026fe1e2185bbda7f5,4.353154512190955
4bb1ac46072b339844e47cd7,2.524349858665643
4e663d8de9c72a3463f5f676,4.353154512190955
304adba644d850f79e386597,5.140918184988538
ebacf893799226d0cbef4e39,14.030747291195027
4d2173d8c090579381cfa5c8,3.5408010960171423
bd136a3b6284888a643998f8,17.169274370888523
80442c8fe5f80b846bfdc697,14.941530193025516
debfdf36d26eca66c763c8fc,13.992345813772399
55835e6e182ede206f0e89e5,4.297938968414205
2c28c1029a15a6549ca91efa,7.763007750351362
f9719d83e1385388a6bf98c3,5.532646044840284
242160d69747406867c89260,8.064511926454616
7abfd1b150bc6c1a683b6f05,10.140613250078221
d01b63cfd67838d3b2d1242b,3.6738900629276086
444a2f9dca505bc1ca7af840,4.353154512190955
1f9251a0f94363fd1ced6f0b,4.379524618830129
aecbad258fe6fd1a122e93bb,12.429184742506939
612e9df01a48281a20348227,3.7710654950928935
1b063073fa5c81fec4d70133,3.620083578566233
3517503e196f077df2d2f76a,6.630769245047528
97e50251e63c3342ec196b21,4.293165123878819
d220631f7f463a34bee20ff3,7.677825045775296
0688a5d5e6080cf2831233e9,8.404647779912915
7cf355648dcf62124c581f1b,20.789619579642913
7db8f956626db6d74fe61151,11.058493572295477
5bf913ff0bf9eb79f46619ff,3.4673492767983887
5044d5fbe292e164ee76aad0,5.75484601535312
f4f3ec6c7250e71e776fc5ee,25.55590495645665
5cc890edd1050f6c48ce366d,8.429174966584268
30b2b04a3ac028ab65848a49,32.87367676555778
7acb4a28457e91d95c4f8aa6,3.5831236209434314
ff0d98b407ecf3a61004036c,4.786000515176371
0ae750c7b904c19471c0f509,3.816532305527789
7b63a17390b0ebdcf176685a,7.157354419269552
1d66e961dd7eed8af8ea0259,3.83556152756237
fa1a71c964654bcc909078d8,3.7953441624697346
0c13b885e23916d612615724,4.38513767342337
e02384f051a6416650b270a1,3.83556152756237
44862ec8e4169e91d4cdfc1c,4.64461616752304
e6504a19aa338f045edb2228,4.203176440633492
dafcd7671627e2ef510fc1e0,8.67351688470793
de4ffda1d90c84787e4175d1,54.681676955140496
255e7e809e001831781b157c,5.889903034836357
522605d86c11a8e96b090047,7.121858646934207
5a0b1998e004ca9aafbd8424,4.829214216978884
03b1b95835fe1d646f67449d,4.0676844727636565
0986a52f5e05ee860756ac5d,7.854686089407932
5d2836f884ed5ffb5bfb806c,3.732967384300691
8ae8da229a27a4a953e2d767,13.525589697496395
1f5f39852adfa2412f849679,3.822065536657897
08fc7d5899116b8b5a93fdd1,3.918590012494133
724ec5035318d71308729a2c,90.32356159647831
fc41d42225f6299725f9ca48,15.27045761076469
08bd6295df8ae05d38883698,3.8211330255731863
9a30397cee64bc0652a3c01c,4.735663440542323
b8746293794d5f491665ad7a,9.688157400084554
8ec5021480a98eba419915de,5.717644684328957
89c36bbe1c5e684196ff9532,8.892761987056184
902b57bb77758bf8ba5b0baa,4.96124550432314
8420d72df6981987a2f30f96,5.532014353484801
73263fd51df0d55daa0eded2,3.5457916029012724
f73e2bec6fa117543b416d6d,3.8004336408458363
367c901921882aa8d87b0ba7,4.692507143135506
2bf92f0def15a4955175b67d,3.8717844713006433
1d8d230e69538af690edf2ed,3.5823714125210584
be0d76203cf14a64159b55c5,19.102999163169393
84ca746722f8a8e24540fefb,4.734914405964633
f780bc2b65437fb9245e7811,3.9148533004404373
7f2aadfde21fe771fecddb83,3.576194079776337
fe14927d8bda7d6107b4db2c,6.710639028096958
d2de4242a4b3de02ee12bcf4,29.657495429629993
75830520c0f8045cc14b89f0,4.723607387268638
bc6557d2e177c8c24689f8e9,14.749687703609075
1d9f628f51dc6b191006648c,3.8820008138511612
50c7db9b2c94a506c4160482,42.085262437466916
7fa1683abbd9d65bb5a79d86,4.734914405964633
cdcb1657157a0ceb78ed83ec,3.7881902636948146
97a9ffa65e430cd324cb6df4,3.7774868495161584
b598b815febf3fee7d0b5f4e,3.77529057675515
cf87b0bc419419c34cee8020,9.147943239801116
230c626596a26fa9e3ded19f,3.265002369388696
aff490e9345e9aa8a3d710b2,6.962655422814522
e091faad85c636a2f395fdbf,24.737386368449094
52e222b68bff46598ea1c996,4.116260904010963
1f3312422101277bb485bac0,16.582401242242476
4de92e67602d030f86b3b90b,3.8884686645170663
a69d2f7215840b8c695c9f55,3.917477999064121
b060407858a5b7e69abe2853,95.02687153000946
f7cf59602baac992cd7944a9,2.6799756217668382
0199be2bb38c8e9aa353f7af,5.172476069305849
502be382adb5fad7b5333923,3.8049419395104396
000e321163cbd39f80668a6b,19.982941494205747
10defcc7945c611bb5fe5c03,3.8667928935105635
715be4e7657d1aba0be27d95,15.392127008255699
fa960e02131a0335fa81c9bf,4.5951083802326504
931fa56edcd27f9671a55d07,3.7149327186481202
cc416b8f5be5aa11c5a417d7,3.821642435722566
02119cf14db89c96f88b5b9b,3.2717659446737413
b34b08590b60189c577e501d,23.60999558801393
28967180a99324e0c5be51dc,3.905422086782537
2403a31910040e5667497e04,8.571363779923207
f2db7a535a8da5a5a1954a44,7.469221350445152
06502c307a095e3b7085e41f,4.867948029463243
334489329515f9d225d1aee7,3.8130279004649053
28a7205bfafe1dfcda767bb8,4.638626307250538
d5a6cace1ec1dd20727a655f,3.890550376522663
fb6071a7168e062e9b43a9b4,9.411985127434493
4043a0d933942455ba7f82bf,3.3628010952430385
6b005f892d21209f5873240f,3.257179752162378
0166fc06f64bee3e8abf7e06,2.3926125843851613
bf0cfb21bb8b4093ae794af5,3.693085093783491
43dd1551829b8263c1360f5f,16.354882139676704
bd91e336e1d1735e83745e02,5.030105230403157
7f351b6e206cb44b09c2904b,4.642405583973756
64391a629452b3562d95390a,3.735003750080791
39a486546dae5442b1ff13e7,3.8419931635808497
43401bbdb8349dd0b3f5f276,3.757606295976386
abf073c611a21c5e4c3bec05,3.9418986940933456
ddb317372805d8d64bddf838,26.66145450602664
a5ea1877c822bbf3bf9b60c2,6.898857301348294
f981fac82896368780e06c11,4.616560065825359
f07579336dc2868ddcc1e330,3.6362614158476063
e6f2e2e37e0abafc1f05062e,9.134680873179267
3aa12e9364add8e0197cec0d,3.9114034052127655
5f378df538e15cb8cb2b542c,3.7325105882018375
5c986f6858aa87f50c2ec711,3.8482627474602316
7257ffe21c5bc4ae2f8b4db5,5.103007921391712
0e95e6f3e5f1ec1945fd5dcd,3.896263466173047
5017983de047bffeaae92094,2.8625323667959783
1cab5b8411965beb5f0db3a9,3.820077740144513
8070c6f583fcb170cd161c92,3.7163765545038028
d61048990f98f61904acb114,4.02668471012485
9f66e8320767fead757d4448,7.004082273633294
afb992a5bb0c4e452bd61643,3.903528797711708
a6226ee25da8bff4c3b1c1ab,3.9407063328703336
a0c0912c6276629d8f850bc4,3.719850705580707
0f2cd29bb3a4d3bf1705f1ac,3.8215995638042823
4786cc71fc18e578de0bf424,3.848531685895554
1066edf2535d5905ee0e60ef,8.037482877865363
3ed28cd4f17359fef251403a,5.23018792403887
1b4337de760b5f09cf44d2d2,3.9114034052127655
8d9645c2782bb177463b8140,3.705111827109541
e770f339d9ef479e13f22673,3.795769786351336
e93e32b175750bd9c31ef611,3.9075020243506997
c88dc8690f3e98fdf6dc978b,3.4356018434865083
6f6c7b0a414a86d04c8553da,53.00593167917143
c4666a4a0d9eff4f1a825989,15.59551297688266
2aa2eb52e74fe1b042fc0585,41.34325849253611
c979c96951180739d5adf650,8.70335426690365
5aacac206b7816d1299d2e2d,2.9928726071809284
455e55c501805048a08ca124,3.8414553893679413
60cb60ced2c5e11a6e8d30c2,2.6264924345564293
d84ce444e85803f51574558c,4.3845243390870685
1d406eeff260120e2daf9852,3.829937669335983
e77cf5b007ee2943b328d08e,3.666193536040187
cb39d93ddd97ded6f698f3cc,4.1791845650556905
4c6a858d951478e523fd0101,32.70259528860049
250ce9130824d742f0a30230,3.7676092763711884
4f366a595b6080b9726b6dd3,48.20941209102471
46c65739ac755e7042fa72e4,3.8223965452858546
97aec33dd4087dd90e89eeec,3.8456996194532733
4a201af7429122dd8fb9acc4,6.710944972912776
1ba71b680bfff5816542f9f3,28.06335073947792
8ebcbcd7569c30b36a135b61,8.952710184956016
0562de4aa9822a3245369fc4,6.1930266477630544
7ba8b03583172f73a4ce321a,4.606495072774593
e7075aa03ccf513b87000b44,3.898749808757171
1b8eb45431aa5910ab6db886,3.861230924128041
a2581651c129cd215d8c59e2,13.809212296777416
61106644cec7ac659f52e52b,26.81372350281713
629e42637d1518a4b96524e3,30.992875403579948
91c8894001f2e46bbd677f08,10.857625852080329
7af0ba6ee3ce88fbbe5ec835,4.252454674158198
3442cf97adcfda96ece4e3a6,3.8727939985660265
30bd094ef073f8ca13d4d1d0,3.885542899414573
995372b0e7c7bb374d936554,18.296875028905045
8ecf83a2568be329effca853,4.1613823377684875
185f3d64bd35adcf357e1237,3.9469405637761796
6bbf650c6976dd6d231ede4e,3.8320522473751475
b23dc8793711fb35dbc99b6a,10.007794014671717
2de5f8640c8cdfee336f4961,3.8310915271117136
390e9a0d97df09b6eca3f800,3.6982851747030057
b6400d3920114f37a0f6a61d,8.672863002112475
ca2dcc402097bf9a65d83450,58.15463179015409
8b0eb138c51fb87c5f68a6ea,5.827077307500465
ec56ce40489106377b789f4b,3.8457084038209466
46244fd4191e34069b55230d,4.304779286233717
4c22a7569bd2980487187a1c,3.9170972788333747
41356f3035f3a110fd192e81,3.764100882753354
e2dd459406857d635e74db02,4.380113342740893
9d659a98a62d6dfafa53ca89,4.581882315111004
cbab26784a584402cfb16925,4.048082796056665
4e67f16fb49dee4e2625f90d,13.679241592738654
14393f9e55c4b878f09c7ffe,4.256772815526616
5cb97462ff9692320d045b14,4.920528135505102
579092997abb69cd2efb7c19,3.69382736524547
9a15e0e71c0cd97286765c81,3.7124391838794817
8ae2de4abc8729e37eb712d5,4.315837184770712
122021a91756de65a076d28f,7.74880897985203
1ec56907f6cf3b39ba7fbe40,7.2141696008639595
52cc99ebe4caa66c9ef362eb,3.4017696856759314
9ac191542da0598dbaed02b4,7.843793050356546
584635bbed46974e676b3884,5.628140585665555
fa58178fb6e27597b06455e0,4.2107544841301845
c439ade02ef3bacdcefe4404,47.40933616706822
3a0b5b40b5c38938f01f3cc2,3.6437835360853024
504cced1bfe3e962b873e6d9,5.113160577491922
d13350254c0e78f345bbc152,4.8662482976821995
690d461792660be9bca6e7ce,1.7310023628662325
e97654dfb63155742555c45c,6.327379496028817
8c0465793ea5ee86c8fd14a3,3.4041958571883697
6cc1997952beddf85a138b08,5.386492942076314
4e9abe7847b553f9f5f8cb3e,13.434076928628658
7c7bd6b5395fc4bdeafe504f,6.298718021016722
95a971adfd4431f966ece98e,6.977834676221681
3edd37f1ae1e5e335cdfbc83,7.085992691388719
9e6e871c92e845951c02bf24,13.161692593916483
7e4ae6ed23caf8bfce71f8cb,19.583968177257844
5e387cbfdd3db8fa95157b70,9.848055060078208
00b9e1e209154542ed4e4320,5.375297530910372
39f95ff64b49c250283adf3f,7.439160256095528
ec3a6e396311ad12e9755cf8,0.8742231546052698
f1992925ac70980463688bc0,16.54879470745269
4e9241f84b60798d2c1663b7,5.194792087443252
ac1d10f2d04bd66fc2ff7820,5.384681921833637
45799deffb273ead0c953afb,3.730702540791748
d1dd5485ab9f41fc231baf9c,21.64427279974883
c4b91764413e3d602824d331,9.209425365285886
4856ef04cf880b8b8a44e1fb,35.37668857763789
e57b34ef3c984519d79527a4,4.250650578323402
748b3c8771131e95a8e7647f,5.282864499179495
c79fb3425def1a83db306ec4,6.441297727996893
9279d8fd5c0a76c468940b94,23.76105556206012
29e5ba9b151347c8e063629f,7.404309705565692
ace48fbd589051569e65ba61,7.717721202358786
83791491fc66eba18f1c2327,11.616231247009702
9fbcfd5c389066bd5ddbb2ba,3.4588058009535376
8ecc72ae810a5b1e48f3fcc5,5.0025122912383955
1795e8d95de0b2f52cf5657c,10.928955357457271
a7db6a200b14d9f079bcbc49,27.57855265721809
d76d068d1f46075f5766587f,7.023942109651901
5df26e36e76e88ed82466b49,5.930971435348658
70fea1fa90cd57793b9c0265,8.110282407638245
7df8d5dfda7e6f0499b448fa,4.152600243542414
d10ccfdd19a99fe6ccc4de91,7.585898859039602
c6d13b5033f650cfa9ecd755,9.95866356563397
56763583643fc56ec0670f88,18.570316018599517
2bb1c4007143f391200ff07f,6.140438565803529
345ff91e1b72225d7aaaef28,5.88146238565213
8e9e6a6be9ce9555ac1037d0,4.666412890778831
b78b9ed2e8df5208a239a7aa,6.753482422557319
0b5ed2251a090ad11591110d,2.9712053427112313
2cc4c523178a4feb7589d9f3,3.936758616471824
8847b9bdbbcc17f432332c7c,3.622610665772693
01c81bfa6019d62158591110,7.718187234212212
6b94a5ab5bb66d3b6721ff73,0.879198832956238
3e7005194bb6f8bce3c0eb68,5.278241782267247
5a0c9212b5ce353a639c8223,4.648810236661077
4324bc4610507175192e72c8,8.629399205943493
3816d32c27b1952fe9d9dca3,9.271784447190505
c8850413eadb9d2b9acd1e36,5.61611230403687
6cc4a8b706bc5346175eb4db,10.175308076162631
2ce807da85f5d4854d2eaa63,25.611728600696537
9d6439e00350320e78915e91,35.37922826212867
a1b5170a405f2a14d99e75cb,8.807599684608189
ffa4ea16f38139739005b8e2,4.046275318806594
c327ee75fb4b245fd921fec6,6.985453124462262
aebda91832d72742f09f651f,20.49539335090892
500d25f149a9a8461f7064bc,2.867639805833154
83d4e86f7359d113ab954b30,5.105020488875402
090073d5c1f8e84a911c843a,3.005952256808861
f9afcd629f4dc6da3a035ecb,-0.051292527585188305
567a978aae7c96a6a6651c1f,2.8325770166837136
cf5f6d587f7a8c4b88bde753,4.749323335120313
1375ab6b4e1d234e5a35e0a0,3.87302375829469
7e4960cd035d98a74efcd71d,31.342996138545764
8b6bb2069875c7273ef2f714,3.234274412757296
8bcd6325859f36c7893a49aa,25.941859536830343
f7daad1c5445ff12a3a7541e,4.446116984846759
6b78ba86d3ddc51815cffe5e,5.212701022424839
5bcea5b8e02c823fb0671f46,4.503659206948597
9cb7c31771e9a17cb4031d8f,4.521301083013861
a49aa65af9e32b2c02178822,4.017057315761615
a10482822d624ebc2f09cbfd,3.9503470310317303
56c07de8d869e8968e67cbfa,9.628946492941635
9917301b5529c5744e112d64,4.215939644384198
13c5a42807c3169993b7f01d,3.4553096537433956
fae65cc3af2d11349a8dd26a,2.8414847243710937
b806c62df61ff8cc9437e392,3.8031965605721076
9f7fa6883d3d1bf12933bb3c,18.75544624694655
def68577c8ff75c362252b15,7.631950107256777
8fcaadbcec2508543f18472f,3.7453839994657603
be2ca0d0c65ef149e7c6343d,6.161938043359429
6638de54ec8729c9b84ce466,4.291314127776169
ccdc019582e989dfc7cccec8,3.2389255994998014
377d057ad777fdd0803edba9,20.278570623399602
a23f80a295d71148e291fe07,3.831168049516238
ef431b6d4bdf6e3328061a4c,1.6249381681868578
80625b5727a21fd07e015ce7,4.536750776708118
4204d9c7df7a7d2bcdeb141e,7.105755465109218
8b6a2badd6b498049c810e99,3.7156491805920444
ef7f96b11e9089523efb93ed,3.983150752296662
10ade5d0b9a892f762f8d772,7.4029269987497015
efb11886c519c1a749edb2df,4.824439443571675
f17d6dd07d9779909491d657,3.0052081401523973
7adf1ae26f54ddcd5162d789,3.727773299966519
c907aa5720a3b208f9ce59aa,3.7333539880978
bbdfa81dcc3e872424f73d8d,7.370847488606816
23a6ede83ca04fd2f1ddaaa2,3.848860842521321
96e78fbd29db2ba5691bf6b6,6.095080335898972
79401ce6da05bfafd61545d9,14.169722728129916
f20df15a152e6935a8eb7e63,28.249873827441597
52b737e95a4f0d49c585ff32,13.39102462944501
5f094a3766e24e5ab28190f4,13.826856322559104
747ef02edef27d695aeec5a9,4.660870602734787
d0d5f66dbe17ae63fb990114,7.442612115430386
0ec34251ed26ffb7c8549f9e,18.416386521583274
a767329cc286b7f093f7c551,4.278716240456845
3a914201cd89adbb06e209ec,3.9747537402150637
ea0f803f50e2ee03bbd6c7c9,9.419889672838782
49beb495c20ff6f1a187e3e5,24.04955489405602
e4e676fc4add3b9b4b900e00,3.0216972116253547
f0e45b24560dd8fcde85db0f,2.802051746292322
8792bece9154dcab41991ea2,3.966373805128744
f1ed5d34d5da9a04c36eb10f,3.584287276729462
d73e0692e50954b93d212561,5.060663283636229
f47f6169fa709e56ec968f65,6.931952434946177
b69700fa04f1486eb6401586,6.104929469571239
1f44fb34435d24d7a143ba66,18.720796489949038
1a5b2dfdff5433441897d013,3.4504276959112246
e2b57545af9e80daaf748db8,2.7698961057283746
dc377bba235af68bc310aae9,9.841823990450592
6c383d7e20398c4c0abc386d,11.426450068683282
7612efa37cd9ca434943905e,3.3303363231781486
c7aac3a17de6fa4d06035281,2.7448229566951
d55b0a6c67e5df037c87df6b,8.726312727936701
9b302c98113eb9ac0571cc88,4.202079065852262
ab0bff44a366e1f63342fef1,5.069917254215549
67e2e52e69f96df5d6461003,6.626798849740933
56d0853daa835f73298ef4ad,7.739985567904498
4e6507476f0baae83437886f,3.306295645520735
668d4cdf59ea24567ad2f1af,4.183537512521077
a96aa6bac36fcba193c3b0a7,3.48339905987441
fb53415d98260f548e132e3a,5.138994328545086
52f22839f8933ccd8c8107e8,3.3612713394428404
752adaa531a91b233abb272b,1.302894165652229
770e5413dbe5ea788b0005fd,20.517014552324394
943979d8472b1c41f5777a6a,4.238292640759039
e1396c88de238d236b7ebcf4,2.8000996837308656
de427e7fa3829deac67e0f09,4.718366332357555
1ae3338b7c862d79972ac618,23.647150670339162
0af8248cb730290f0eff48f1,11.049656023675574
35a81c51b891a1ef829ff869,6.9220840982099965
5a5198ab7975a72625987b12,90.81130787828307
a4d6009c31d624049e815da3,1.8923912408407437
ae6c8a79d8c00df5014b24f9,24.820322418236174
26981df4df5adf61e19bd039,9.794044180649149
0e984a30425789ca891b050b,7.906172839435055
bb1d465dee045d8d0cdfaf8f,3.206899311974347
4009995877bd2e15ecbf00f3,3.8097251670669405
e1d4abc200cb00440d63c829,7.88353524235723
58cf2a9143b023a2fa9f95e9,47.55429536204806
ffdfa374e448c9ba0eb9319c,4.272190127719801
cbb5a3cc79933ef36a63cbd9,5.639316856855736
f9865875b54ac6c0fe184bf5,8.700101642983022
77704a97f8aa3df0a1ba9d44,85.22903416334236
fe9154a213d2cf6404e60816,16.783800243104444
402d36380a12238ea1e8ea2c,13.057398523458943
e993f0e1b098f88f49cf5efe,87.94563050330709
2eae6cf551da81b86023c8c7,3.307645866058849
12ed70eb5976bf33101e2d01,18.71265257291109
051b7c161a3f4e6b71505494,16.36017163360579
8b04e51cadaeac379b747a54,5.184582769151047
51bb43da0dc81686bbb4dbf3,10.951527023440548
8ff0d2e77c5b924c907d259f,8.290121333866498
8464d46867debe0d942cc33b,5.377752563550548
79ef88e9f7a50db9b83bf43a,14.070778212025477
3df727d6e53ff8fa79aa3535,16.93218408054022
d22814106d046c467bb17493,2.8002259376173853
d0c02b128117e361b17a0463,3.0419487270345837
41b49a70e8f8dbab60803b18,11.428219008302753
e59533b8f13d29d35d9728cf,4.479626774169262
970afae8d6a51089b58117ea,2.6668824257122834
ba0316cda2658a328e5b185e,4.010398885176866
ac0df470346c0e2faca097ba,2.3124736513351136
7c4a3c12f51212e8849cf5d7,4.792952477704616
e20b5b78d102a7c3af2a8cc9,3.0237674863864745
374c8e643247f79ee8a4d322,7.854865474667089
1b2dbe12f43bf39f4c62bc02,4.677045439816875
7c2f618c0abbf4cb7d626e6a,3.2429001607379515
d69ade400c557c1a2c4b0e95,5.704062079207177
d0a3c3a73f0b00af0cb3643b,16.431644354403034
89532083901f7f576c8ef748,8.665591366479866
03ea403f88ea7671a977b72e,17.411390388782525
61ba0ef6872ad6fbccb2903e,12.597944140590352
1ef9f5c9e43d56f4fe63af16,15.34905217427407
b6d64ad13f420257fa7a76d6,4.49504306019628
4e9aa8d46871ae08cf09e68d,7.742446691710961
2bb55380ef56a3ead6e5218a,5.580833897263916
747316a5736c875642cd8def,1.6356517503426626
27fe3163038ff164ff6dff1c,8.889515054505235
69d761d22505f18201433988,8.379934566906755
346bac99dc2c3e01e4a219f8,13.5327096686448
1445d6fb7fbb7147bd826038,2.406544383370472
c8569dd43799a561b76e9f07,16.36017163360579
93b7bcecbbb8dfc151491db7,85.42914473265803
a6c13e1f4f7a4f58290103d7,4.422111964557569
43a65e437732dd27655e06df,1.8673445023843247
7d28e084cd02e0da36710b51,3.224138292836482
764348b2f36adec14b4befdd,15.647715323184942
48d3d4a320abf9c96f526aca,-1.604720629363972
67ac3357d5886755bb0d5e4d,16.21816632472652
4f1e189cb6b51e89dbba2220,15.305512646962537
3c4f1aad4d43175f2100a777,4.3046732915383386
62de696a8312e197a890eb6f,7.814818673714226
72bd0084ffd1b2bc2cf0c6e4,4.592793705070192
11c05b0fd60cd00bf9ee315e,2.9709293350310326
26b84cf0b6606cdfa14b66e0,8.506702795384994
d55ea7565b964c2428ca09fe,18.8622335410364
de238936a239f1433e90d850,4.599053639455116
aa9384a34c4cf649d778abe7,16.491554982036366
6ec5a9b12983e8ff5b363589,5.136657301478087
1283c9eeda9809101efefafe,7.393438284483497
545435fb070e5e6cf332ced1,15.031151457073538
f23e76d3da42d9a28d237bae,19.50741931080719
48e2d587080af4313d4bd05b,19.34674521478639
9b62e8e33f26f3f1007268bf,4.949065170473431
d0075d67198b860bf22b7e51,6.706264313289366
6690d92f501899fdabc4b09a,1.8109319501113479
dff0f72aea207aaf367eafc2,6.226032765530119
c04b75f5499f7c75f13b962e,5.484210128607789
f22db8c9795cca6aeca42063,5.415293125737898
13e9d5c19d085641651a26ba,18.71265257291109
344eef8193738c8a1376e610,2.0367049818194833
8688d56d54541e3f9e7e0e96,18.61912072460613
77d42a5297dda3d7e061330f,8.43707456114252
20b32e3b6fec975bdedd9b3b,5.5548361177106615
98e1fc32a6288a446ef37fec,7.288507842948039
032829e58d720bf499c43d2f,17.352952926636647
d0b6d78bcdd9abd5fdd6c6b1,4.682706831637738
90d75b1fe92816a7921665e0,7.556918545850817
be89bf256b37621bc6d9918e,2.761392382392089
85549aa9288d2fc7eeabee1f,18.71265257291109
954eb36f553cd0dc4ac4beeb,1.8144631389958221
a5c8464e6a33bd3bfa340608,3.751877215159575
12596105c7864a2a4256e5e8,23.914478347169823
aaced1589573c2204a4ea50d,4.49113201845564
8518b85606326c776512b1c0,5.81386290472946
b9539806ab91222b8a3695c6,7.766839784005451
54b7e2b8ca4852a23a80160b,5.219812491736597
5109dcb42d6930138379dacd,5.07152894578709
ef23cce8a9bb918d878a6d6e,4.1382850304139405
9751df9e9d602563ecb4eb98,3.5935587807461777
6fdbba01e1c24f8c84378e08,6.306305784189736
9382225e7f678203ee540b26,33.28986165565968
5b1d1f24d045425c85afe998,3.122915338180313
bceb4ee383e900afc65454bb,7.310169750959414
f6c45a899c4848b2d226f577,5.363340605771358
f88eccde9f67970f488a5849,2.9966689380329194
4bd7fb5adc8d48d33617de3b,7.2486776049300765
d611eba3969d52c742a0de2f,20.733652245036875
f26757250e3e7e4c9ef465fd,-0.7827344458194733
0fd5fea864272beee727ef61,0.45699660046006074
6cad9fee3e2ff1d0098df862,7.052077323227775
0d44bb0d7642e5ad353040ad,14.51952786694955
760cecc215d83e9098df47d3,3.03392425534833
0f7c84a793eaed80eda6e753,4.7439225635771916
e6e4265afa6010d1e8de402f,3.8334432502238953
a867a166003e50198c1418f2,3.0913488522312034
edadf58019df7e0fe25a446a,5.013759255115464
8f5800425f746f4c84d96436,4.655221903814125
6039551dc4fa93feb5c81498,18.42442746319928
ab429ca6a73438e3fd30b950,1.3521650393770783
112cb3a5f9b550302cc11155,14.015588218308773
150dfb98d7d1ead5e0b4e5fb,-0.21505743369791333
43041cc0e2fb7ca09c1b3eae,19.80390003949764
6852d3798d7faac64b796ad0,3.2527734843272507
2de832fae60b66404a0a449d,8.42409080728785
2a4c9dfff0639cff07b4d8f8,5.74262825021318
b15d3a4287a0f5f0312f9027,29.002948829541072
93fe3f8275d108b7995d832d,3.392825186354679
bb74416cb1784077e9fffbaa,10.774937452895585
57a219e5daffcdb28340ef25,16.735044763218507
c0954075eb29e01cdd2728ca,20.19015656782442
d851f1181a1b8bfd9dd28f1f,15.130717358252163
1a87adfdc8cfec806b63bea4,26.008962950342408
fc87ff47e90280874c5c4c5b,9.560893448628383
ca5fa461baa31cb181e96075,7.232051426778084
a283c0d5d5c36cba88560f51,16.185302533506757
0e55e7ed834eee09370e01a3,21.22296745067188
0527eb7b18b8187d019b6c97,9.374363744456703
3a061b0996a205c03ab92bb2,19.64471891238259
945ee87f65bde2f5fcbaf155,15.691109216055485
c712180fc9c3cf1e31d3fd7d,16.192732015498237
72ef9b6984d38fba1381525e,91.44330597000767
fe590c7cd2ad0d8e0bc85f70,9.482641883964193
a522a4ec94753f2943fad5ae,2.5697690174850147
cfc668f232d87169c2667aec,16.89264740239322
be8284366fab20472dcdddb3,16.69338000376822
0c726e59a0768a1638d32ebc,5.526784977771773
aff3f31f71b1b81cbbf95a91,31.24892423594927
29e596df277eb0b8a9bf880c,20.615941286766933
da58d9e4dade8c444f4005d8,17.68532718834279
9619c82ff2f1d1c9d52561d5,15.739264232799167
811dc6d6c24a5db0f2eff308,5.137919843043094
6c722b3ff3acfac8ea559f09,21.39261484525456
54269d7ee151571d20a669f9,8.846305206313344
b35836512d0be83bf0791d94,23.62264690186325
7a3d446b181822e2e7521d18,6.0339212777908156
95fcdf152a1e6590ae7eee95,9.777877395611517
263a4b183c01cd117d71cd91,2.98425981647844
511021c0090258417365eddd,24.00188659972543
e5c41b402695217227e3c4dd,15.632501603935879
5647ce4f46ca6e970f4aa4b7,11.337592906935903
a13508120608b141511d4746,15.850580350084162
56a55597a7ea071c5ced8450,8.91066340846818
ea27e01991c9344a68929adf,27.247453515944883
c4f8c57f1018617b89f558e3,16.36907836435372
7727fa158069fd8b60cae111,11.987937525547457
1103bda9db1a441e9959fcf1,5.005593322897864
05223575aaf9f8718c8d01c5,17.27675269257828
e7ea9e409bf8e85290f3509c,5.384485258486822
1bfb5456dd1119a79c2651a9,4.791115676915994
b22e8dbe55e8324b688bbc53,4.860929145776548
fc5484e3952fff0d4043e338,16.591982604693158
053154e5e6188d98a83c43ce,3.3240419309121783
668dfb67a8ebb7d7053b1123,15.851655181697293
d036572fab44816c1a711099,15.996108151155
d429718e197adee4a5e695a6,4.082858143897277
b8d1aeaebbcc95485f01f6b0,18.321202316351446
856a7c31b335f95e11dba2a5,20.10803582616251
b57e5d764ef29fa02f738c76,41.062771977463555
16f11e7d758a3dea028b3b39,16.518403637934274
19db2b796354bf5bc37015f0,97.33625574578197
15daea20f1141887e5fb351d,18.196452882676684
046703bf30bb882f42268aec,2.998981188272875
2f7c2bcb3803989867e06d0d,19.07724528870157
0d3c924212e8be6c26641f0d,18.194300379149915
20083ae223e3021c30c58811,1.2248717328885745
809f4f8c7a61b19d9c4f9ddd,5.763019345254689
8134d1608d59573bdc758f5a,19.691704455507413
2a68ab697c1fb62d7b4c19cc,12.976015099378952
bd5865d299874f88f0c8045d,4.973271659095299
5247528741c2577da4ef54df,2.948832344830146
247696cb72b59a2728dd69b7,10.318379207298229
dc38a59a94320ef90c9bd977,27.273253174772258
7876e575264709e22bf0d70c,16.187895325439097
c3e05632ecc131f14c73ba5c,20.20536143867839
14cf3b1a225f48bca61d6b17,22.53152232030359
967877213822c883b5aac2d9,10.814140298254278
af5a927ef4f917625239ba6f,18.55749870445878
1de3bda01d8b106291704482,17.8005446880002
dd76dcbe1b2afc3951bab73e,1.1358595882049596
74c536e18a2558ab8e87567d,16.583835610997024
4d8194f5c5b61f58f85f65bd,20.58932737490185
2878b357fbf9cea77231b36d,28.00610614318156
97f007c6ff7f0a4cac28bcbe,27.285392990575723
c2f74d7b5cea740ab7abe7ea,15.427642254506674
ed8621f5881d54cafbbd9227,3.882095214606537
3c2e41ec2e72b539d8bbb3d2,12.297151408143835
c959d1fd521ea106ae38d5ec,17.73557987284124
90a450d0bdfd7b8108986ea0,6.270473299174359
4ee83ea39aa53f42f538bc5e,17.379758432770224
79cf7da63423ab824780dc3d,6.5923636247271675
2f1a98523a884cbca11e09a2,3.7038593104093707
1bb12ac441b5651a633d137f,3.3359571005911803
80ef71b15eaed2f8984c2d46,4.50260173073454
a0403750ba3c988eec9599e8,3.8922764574269006
0efedb05b0b20631216c00db,4.435084617061054
7879247aad466dddf87d2229,14.92678731938618
b8b7b487346f9deb9e48b905,0.8861841905650218
52b4964b0d0e16d1a01af736,4.283044850328653
e7099a14aa83c9206dc2badc,5.7123819633675135
99a09763d03743307c63a796,33.894124541695824
929a0c874f66f27b2da231c7,16.93656758420527
4453d48e6a9a671fcd616c25,25.17539530349908
3c719dee10ab1caba2e833a1,5.35559498553405
0da66fe1e3a10f395c0a9924,97.85813813883435
9d1b2b654a26fc9155cc6f48,97.98844418048769
ecab73ee5f6fd0769216ddef,92.32758430620308
6691dce7fc8da5b5f03946ce,101.40364014756389
7de7464db719bc8edf5a6d8d,101.40364014756389
aa893c5501400ed9fda21c87,5.0102811909229645
c947fae8061bb6931ac55e88,6.365104530237835
b897f00d2915699119c6e77c,83.2175451220889
0dc51f2b889c82a9587c9611,3.8726040667739987
d0f78af0e173253c22568e76,1.2275020665635499
35e9cf8218d24320b472b939,2.6487589185502824
a732a5117b5c3d58fee03f82,39.91208860099447
c3f6ccd722f7aa4319987876,40.811063916467646
f34154776abd2ffdc753a385,82.27987027918255
f2b9cec9ca9d2387655372c4,16.382541467612608
d2b9e2cafb8f7309f9bcb73c,32.12569169965686
868bb2581820cd466ed64fbd,43.69961398145758
6a2b160b9b4607309d17c1e8,9.643006565951152
339f28c0a4e0e714ac0f8671,4.372283546675914
030a02db4f00b23819efb051,4.987659930555204
6e04f6fd1dc3a8b32d26cdb6,57.872557368371176
687b5ab85699a2965bb760a4,5.1030544537966565
c1305f57676527b2bfcfffc6,13.796643137850344
a2750015b4f6ee49ea8d9208,4.948244877623531
83f49ba5cdfaf90c74cb6c23,47.92212585013261
19ae444410b8c5f8a1e64e48,5.0102811909229645
c43a3091f5854f5a2d21cf7e,3.7611467751967136
02e2314597b6ffd67d633578,1.5267387190239434
5cddc02e0f2ae5b3e9bfac8b,40.811063916467646
50e7374d71d3d1c890ddcd35,2.7682948297311505
78d30457c28cca92ed5c0a24,10.08802566713295
c8abcfa10f82f45355eb2d57,4.079191160677637
f7496d73d1fc51537c6124f8,7.061352887137857
ce1de0d372773e27d2738800,15.374134707061875
d9486a8ceb62593353b9e8a6,2.430064519459114
c42faf43459b21e8f5dad6f2,4.829876245154321
44f390ded33401f63a7b939d,6.3371880186269625
697fda8db7883f87ab4aaadc,16.786356172996896
4f2384151f4c028693531dc1,4.5187855598611995
30a1eed760ec4c221c87bde4,10.559835981814107
aa1ddcba6b94cf72e31b1b2a,18.94701875255236
4cf375adcccb5002c114bf16,47.14840724378892
15fa9b21904d927da6bbaae0,33.7858787786112
8d41b343d5342cadac6ad7aa,5.848361697546051
1d7cb344d5f43d9b660af0d4,5.540988198659439
4bae5560bd045e382044dc44,4.678130061540059
a23442b42248aa12fb470e91,23.665004132800263
4feb4214e51b7033891fd068,6.116662441591145
39827edbcf58e9d3e278e47d,5.716932390279565
57f786bca1997b2ff17f31e0,29.20584179795732
991503f39fb41e9fe4be7a55,5.1882952403305
9d8f5f414445be517af17126,65.3780115562864
82de78827e6579a7771be936,4.703480320804533
57ff847d9277c6e95497a73e,5.284622009110864
d586d4e084aa87a90aecd5f5,4.571874592172639
b7012e0a25fbeb7cc8bb29c4,5.785731373157795
4dfd07af230f87385b9a11d5,4.865706030635217
60daf2f63f9d2c30954a6032,1.2729771662203768
4afa0349bbb0ad400faf9b40,6.095530174308288
039baa62dbb954bd4030b17b,1.2919280951001808
aa509c19e9ec347a3b4205a3,18.102367745829472
0b2f19c06d8f7b42692056d8,15.47868859252178
961fa5d36a007a8f7cb1bd33,4.806204007490015
d90e2254432e518ecaf61520,3.002062029632842
65f347680601f1d205269e19,54.97766216980544
ab427f6142f47ab82657d934,0.8329942855437436
e8eacfb28631dfd6cbeee1d0,7.042250574172462
5daaecf911217e6efe26137e,3.7412586436312005
0fc7b640c8b7b950ebe827fb,5.405262291443251
c051c084b29a6d34a2a3b554,5.023152527306427
112a45298daddf99e3d508c1,8.000690363369747
a68a40e70152eddff06e3f83,7.808370804631316
bd1e6797304ccffa984df79d,15.47868859252178
a2acad008482f2b00476cec3,54.99549320124062
c9e3a301da597e58b35f467b,3.535651672403127
9550c18bc2a3de9b47c46725,5.329842310621804
431e6aaedb18f3c8d5c629f0,25.544619364123957
d0e1ac93b5b616ab224eca49,5.283658401580749
bb7a753d942be22cd0ec53d8,40.811063916467646
0403c83cdac8b132dbd99bfc,29.78086951269583
1ca1d6b6e0ab49470f68f6da,57.22855372713014
b6f132d780f33854e6052257,6.261798860675285
11d2ff8689bfa6481f8442d9,1.1411684071656287
3c983f70c6293d804b3e53a7,2.37636759306335
cc85ebfebc17d51ff9024daf,7.061352887137857
631563b64f1566933f171f23,2.343851845651322
701edeffb454e4a7ead8afcf,63.512588429945836
6e371b520baf7afcc339044d,4.474590236021848
5968e5663c7f6eed262e3cb8,87.0905234957129
22f9a9525ae0351c8c4af4b4,12.07556128648413
7f6812d9d611963950b35e3a,5.025376684975431
dece047010855764c5cfec7a,11.667402274754098
0f9362ec799c2f9d3335d2e3,2.9507798226235225
7e688aa5ece17a817d7b0b61,58.30131301151188
122c4bcfc2c18032c38214b3,17.789256587514732
5508b226e26c626497802863,7.68353046990705
d466bd972e615369121a7700,5.1882952403305
8999952dfd0583f20a0c998e,23.80930962078509
8edeae2919d2850095122da0,9.324471625982623
b51932f5a0ed176330bd0e60,44.25608197036235
5a426a5a31e0336680c3a4c1,4.9555384157767035
015f290af473a243c64b8a69,7.787946429916265
f9ba97674781d74391d37862,3.709526888625621
7f8c85f7d43346e263d67907,10.726443699564648
d787d24bf73da54e87a40b45,11.601388515858241
7828b3d9d6a61ef56a6cf5bd,57.81048316702857
a9cafdb0ebead74419f3f86d,5.025376684975431
036c6fe5ae854ac7cbb0636d,37.40141747803697
cb70c8197ed742b48a6914ed,13.953276091405334
e98b11ac05f0a5ade277173c,5.272381911556173
2c2ab2729b009cda88b20ae4,13.262403985003482
3b719e7310fed1d2ab8b4473,15.53792460021221
d78e7ee01257de8185bb64a6,18.923569317681597
b9c1df4ec997397c42ba9fea,2.9638540312344723
af6ff124fc981a1b5bbebdaf,8.680988740299073
b7589ffa57a3f6988d517748,15.18263472185518
8de73326277af96d1f754e16,7.758546509932449
2c9e1e9f7db8c19ace37ecba,27.63476798055634
b32b9ddef3e226419921fa72,11.528813539781442
bad765f964c599e6bb7348ed,10.87285827799362
800688023b53732396904615,4.755899204366555
b107d31b9964006a1ac1a53f,3.766954556189023
9fa619e37387b4969f48444f,3.5255560728925888
73c701112f444371c2dc8452,2.7296768714105952
5cc255ff1353bc689144c123,7.782873680953185
e172c467e4a8ce0f8f510ffb,4.3968587164353385
66af5d2635c7c6e3c54c157b,5.6141751567751745
8e1b29d4880f16575d5b4d9b,3.1879631871609124
0bfba3108fcf9eb082c73e8c,4.474005520992209
01c46ba4dcdb92dcb9112824,16.533249095541283
b67109f91197295845833563,53.41471215356838
bca9e0e07c49590f2b92f774,25.812315342903727
